[
  {
    "id": 1,
    "name": "Adana",
    "code": "01",
    "plate_code": "01",
    "region": "Akdeniz",
    "status": true
  },
  {
    "id": 2,
    "name": "Adıyaman",
    "code": "02",
    "plate_code": "02",
    "region": "Güneydoğu Anadolu",
    "status": true
  },
  {
    "id": 3,
    "name": "Afyonkarahisar",
    "code": "03",
    "plate_code": "03",
    "region": "Ege",
    "status": true
  },
  {
    "id": 4,
    "name": "Ağrı",
    "code": "04",
    "plate_code": "04",
    "region": "Doğu Anadolu",
    "status": true
  },
  {
    "id": 5,
    "name": "Amasya",
    "code": "05",
    "plate_code": "05",
    "region": "Karadeniz",
    "status": true
  },
  {
    "id": 6,
    "name": "Ankara",
    "code": "06",
    "plate_code": "06",
    "region": "İç Anadolu",
    "status": true
  },
  {
    "id": 7,
    "name": "Antalya",
    "code": "07",
    "plate_code": "07",
    "region": "Akdeniz",
    "status": true
  },
  {
    "id": 8,
    "name": "Artvin",
    "code": "08",
    "plate_code": "08",
    "region": "Karadeniz",
    "status": true
  },
  {
    "id": 9,
    "name": "Aydın",
    "code": "09",
    "plate_code": "09",
    "region": "Ege",
    "status": true
  },
  {
    "id": 10,
    "name": "Balıkesir",
    "code": "10",
    "plate_code": "10",
    "region": "Marmara",
    "status": true
  },
  {
    "id": 11,
    "name": "Bilecik",
    "code": "11",
    "plate_code": "11",
    "region": "Marmara",
    "status": true
  },
  {
    "id": 12,
    "name": "Bingöl",
    "code": "12",
    "plate_code": "12",
    "region": "Doğu Anadolu",
    "status": true
  },
  {
    "id": 13,
    "name": "Bitlis",
    "code": "13",
    "plate_code": "13",
    "region": "Doğu Anadolu",
    "status": true
  },
  {
    "id": 14,
    "name": "Bolu",
    "code": "14",
    "plate_code": "14",
    "region": "Karadeniz",
    "status": true
  },
  {
    "id": 15,
    "name": "Burdur",
    "code": "15",
    "plate_code": "15",
    "region": "Akdeniz",
    "status": true
  },
  {
    "id": 16,
    "name": "Bursa",
    "code": "16",
    "plate_code": "16",
    "region": "Marmara",
    "status": true
  },
  {
    "id": 17,
    "name": "Çanakkale",
    "code": "17",
    "plate_code": "17",
    "region": "Marmara",
    "status": true
  },
  {
    "id": 18,
    "name": "Çankırı",
    "code": "18",
    "plate_code": "18",
    "region": "İç Anadolu",
    "status": true
  },
  {
    "id": 19,
    "name": "Çorum",
    "code": "19",
    "plate_code": "19",
    "region": "Karadeniz",
    "status": true
  },
  {
    "id": 20,
    "name": "Denizli",
    "code": "20",
    "plate_code": "20",
    "region": "Ege",
    "status": true
  },
  {
    "id": 21,
    "name": "Diyarbakır",
    "code": "21",
    "plate_code": "21",
    "region": "Güneydoğu Anadolu",
    "status": true
  },
  {
    "id": 22,
    "name": "Edirne",
    "code": "22",
    "plate_code": "22",
    "region": "Marmara",
    "status": true
  },
  {
    "id": 23,
    "name": "Elazığ",
    "code": "23",
    "plate_code": "23",
    "region": "Doğu Anadolu",
    "status": true
  },
  {
    "id": 24,
    "name": "Erzincan",
    "code": "24",
    "plate_code": "24",
    "region": "Doğu Anadolu",
    "status": true
  },
  {
    "id": 25,
    "name": "Erzurum",
    "code": "25",
    "plate_code": "25",
    "region": "Doğu Anadolu",
    "status": true
  },
  {
    "id": 26,
    "name": "Eskişehir",
    "code": "26",
    "plate_code": "26",
    "region": "İç Anadolu",
    "status": true
  },
  {
    "id": 27,
    "name": "Gaziantep",
    "code": "27",
    "plate_code": "27",
    "region": "Güneydoğu Anadolu",
    "status": true
  },
  {
    "id": 28,
    "name": "Giresun",
    "code": "28",
    "plate_code": "28",
    "region": "Karadeniz",
    "status": true
  },
  {
    "id": 29,
    "name": "Gümüşhane",
    "code": "29",
    "plate_code": "29",
    "region": "Karadeniz",
    "status": true
  },
  {
    "id": 30,
    "name": "Hakkari",
    "code": "30",
    "plate_code": "30",
    "region": "Doğu Anadolu",
    "status": true
  },
  {
    "id": 31,
    "name": "Hatay",
    "code": "31",
    "plate_code": "31",
    "region": "Akdeniz",
    "status": true
  },
  {
    "id": 32,
    "name": "Isparta",
    "code": "32",
    "plate_code": "32",
    "region": "Akdeniz",
    "status": true
  },
  {
    "id": 33,
    "name": "Mersin",
    "code": "33",
    "plate_code": "33",
    "region": "Akdeniz",
    "status": true
  },
  {
    "id": 34,
    "name": "İstanbul",
    "code": "34",
    "plate_code": "34",
    "region": "Marmara",
    "status": true
  },
  {
    "id": 35,
    "name": "İzmir",
    "code": "35",
    "plate_code": "35",
    "region": "Ege",
    "status": true
  },
  {
    "id": 36,
    "name": "Kars",
    "code": "36",
    "plate_code": "36",
    "region": "Doğu Anadolu",
    "status": true
  },
  {
    "id": 37,
    "name": "Kastamonu",
    "code": "37",
    "plate_code": "37",
    "region": "Karadeniz",
    "status": true
  },
  {
    "id": 38,
    "name": "Kayseri",
    "code": "38",
    "plate_code": "38",
    "region": "İç Anadolu",
    "status": true
  },
  {
    "id": 39,
    "name": "Kırklareli",
    "code": "39",
    "plate_code": "39",
    "region": "Marmara",
    "status": true
  },
  {
    "id": 40,
    "name": "Kırşehir",
    "code": "40",
    "plate_code": "40",
    "region": "İç Anadolu",
    "status": true
  },
  {
    "id": 41,
    "name": "Kocaeli",
    "code": "41",
    "plate_code": "41",
    "region": "Marmara",
    "status": true
  },
  {
    "id": 42,
    "name": "Konya",
    "code": "42",
    "plate_code": "42",
    "region": "İç Anadolu",
    "status": true
  },
  {
    "id": 43,
    "name": "Kütahya",
    "code": "43",
    "plate_code": "43",
    "region": "Ege",
    "status": true
  },
  {
    "id": 44,
    "name": "Malatya",
    "code": "44",
    "plate_code": "44",
    "region": "Doğu Anadolu",
    "status": true
  },
  {
    "id": 45,
    "name": "Manisa",
    "code": "45",
    "plate_code": "45",
    "region": "Ege",
    "status": true
  },
  {
    "id": 46,
    "name": "Kahramanmaraş",
    "code": "46",
    "plate_code": "46",
    "region": "Akdeniz",
    "status": true
  },
  {
    "id": 47,
    "name": "Mardin",
    "code": "47",
    "plate_code": "47",
    "region": "Güneydoğu Anadolu",
    "status": true
  },
  {
    "id": 48,
    "name": "Muğla",
    "code": "48",
    "plate_code": "48",
    "region": "Ege",
    "status": true
  },
  {
    "id": 49,
    "name": "Muş",
    "code": "49",
    "plate_code": "49",
    "region": "Doğu Anadolu",
    "status": true
  },
  {
    "id": 50,
    "name": "Nevşehir",
    "code": "50",
    "plate_code": "50",
    "region": "İç Anadolu",
    "status": true
  },
  {
    "id": 51,
    "name": "Niğde",
    "code": "51",
    "plate_code": "51",
    "region": "İç Anadolu",
    "status": true
  },
  {
    "id": 52,
    "name": "Ordu",
    "code": "52",
    "plate_code": "52",
    "region": "Karadeniz",
    "status": true
  },
  {
    "id": 53,
    "name": "Rize",
    "code": "53",
    "plate_code": "53",
    "region": "Karadeniz",
    "status": true
  },
  {
    "id": 54,
    "name": "Sakarya",
    "code": "54",
    "plate_code": "54",
    "region": "Marmara",
    "status": true
  },
  {
    "id": 55,
    "name": "Samsun",
    "code": "55",
    "plate_code": "55",
    "region": "Karadeniz",
    "status": true
  },
  {
    "id": 56,
    "name": "Siirt",
    "code": "56",
    "plate_code": "56",
    "region": "Güneydoğu Anadolu",
    "status": true
  },
  {
    "id": 57,
    "name": "Sinop",
    "code": "57",
    "plate_code": "57",
    "region": "Karadeniz",
    "status": true
  },
  {
    "id": 58,
    "name": "Sivas",
    "code": "58",
    "plate_code": "58",
    "region": "İç Anadolu",
    "status": true
  },
  {
    "id": 59,
    "name": "Tekirdağ",
    "code": "59",
    "plate_code": "59",
    "region": "Marmara",
    "status": true
  },
  {
    "id": 60,
    "name": "Tokat",
    "code": "60",
    "plate_code": "60",
    "region": "Karadeniz",
    "status": true
  },
  {
    "id": 61,
    "name": "Trabzon",
    "code": "61",
    "plate_code": "61",
    "region": "Karadeniz",
    "status": true
  },
  {
    "id": 62,
    "name": "Tunceli",
    "code": "62",
    "plate_code": "62",
    "region": "Doğu Anadolu",
    "status": true
  },
  {
    "id": 63,
    "name": "Şanlıurfa",
    "code": "63",
    "plate_code": "63",
    "region": "Güneydoğu Anadolu",
    "status": true
  },
  {
    "id": 64,
    "name": "Uşak",
    "code": "64",
    "plate_code": "64",
    "region": "Ege",
    "status": true
  },
  {
    "id": 65,
    "name": "Van",
    "code": "65",
    "plate_code": "65",
    "region": "Doğu Anadolu",
    "status": true
  },
  {
    "id": 66,
    "name": "Yozgat",
    "code": "66",
    "plate_code": "66",
    "region": "İç Anadolu",
    "status": true
  },
  {
    "id": 67,
    "name": "Zonguldak",
    "code": "67",
    "plate_code": "67",
    "region": "Karadeniz",
    "status": true
  },
  {
    "id": 68,
    "name": "Aksaray",
    "code": "68",
    "plate_code": "68",
    "region": "İç Anadolu",
    "status": true
  },
  {
    "id": 69,
    "name": "Bayburt",
    "code": "69",
    "plate_code": "69",
    "region": "Karadeniz",
    "status": true
  },
  {
    "id": 70,
    "name": "Karaman",
    "code": "70",
    "plate_code": "70",
    "region": "İç Anadolu",
    "status": true
  },
  {
    "id": 71,
    "name": "Kırıkkale",
    "code": "71",
    "plate_code": "71",
    "region": "İç Anadolu",
    "status": true
  },
  {
    "id": 72,
    "name": "Batman",
    "code": "72",
    "plate_code": "72",
    "region": "Güneydoğu Anadolu",
    "status": true
  },
  {
    "id": 73,
    "name": "Şırnak",
    "code": "73",
    "plate_code": "73",
    "region": "Güneydoğu Anadolu",
    "status": true
  },
  {
    "id": 74,
    "name": "Bartın",
    "code": "74",
    "plate_code": "74",
    "region": "Karadeniz",
    "status": true
  },
  {
    "id": 75,
    "name": "Ardahan",
    "code": "75",
    "plate_code": "75",
    "region": "Doğu Anadolu",
    "status": true
  },
  {
    "id": 76,
    "name": "Iğdır",
    "code": "76",
    "plate_code": "76",
    "region": "Doğu Anadolu",
    "status": true
  },
  {
    "id": 77,
    "name": "Yalova",
    "code": "77",
    "plate_code": "77",
    "region": "Marmara",
    "status": true
  },
  {
    "id": 78,
    "name": "Karabük",
    "code": "78",
    "plate_code": "78",
    "region": "Karadeniz",
    "status": true
  },
  {
    "id": 79,
    "name": "Kilis",
    "code": "79",
    "plate_code": "79",
    "region": "Güneydoğu Anadolu",
    "status": true
  },
  {
    "id": 80,
    "name": "Osmaniye",
    "code": "80",
    "plate_code": "80",
    "region": "Akdeniz",
    "status": true
  },
  {
    "id": 81,
    "name": "Düzce",
    "code": "81",
    "plate_code": "81",
    "region": "Karadeniz",
    "status": true
  }
]



